,Real Estate ($K),Cash ($K),Bonds ($K),Equity Investments ($K),Alternative Investments ($K),Liabilities ($K),NAV ($K), Expenses ($) ,CPI-U
12/31/2015,$891,$704,$0,"$2,806",$152,-$438,"$4,114"," $ (7,000)",236.525
1/31/2016,$930,$616,$76,"$2,446",$192,-$438,"$3,821"," $ (7,000)",236.916
2/29/2016,$941,$518,$128,"$2,601",$186,-$438,"$3,936"," $ (7,000)",237.111
3/31/2016,$952,$369,$182,"$2,883",$195,-$471,"$4,109"," $ (7,000)",238.132
4/30/2016,$967,$413,$251,"$2,822",$194,-$405,"$4,241"," $ (7,000)",239.261
5/31/2016,$986,$441,$303,"$2,894",$197,-$417,"$4,403"," $ (7,000)",240.236
6/30/2016,$992,$343,$352,"$2,872",$198,-$411,"$4,345"," $ (7,000)",241.038
7/31/2016,$992,$343,$352,"$2,872",$198,-$411,"$4,345"," $ (7,000)",240.647
8/31/2016,$992,$343,$352,"$2,872",$198,-$411,"$4,345"," $ (7,000)",240.853
9/30/2016,"$1,568",$265,$353,"$2,562",$191,-$354,"$4,584"," $ (7,000)",241.428
10/31/2016,"$1,568",$265,$353,"$2,562",$191,-$354,"$4,584"," $ (7,000)",241.729
11/30/2016,"$1,438",$494,$410,"$2,221",$176,-$287,"$4,451"," $ (7,000)",241.353
12/31/2016,"$1,442",$491,$410,"$2,262",$78,-$297,"$4,386"," $ (7,000)",241.432
1/31/2017,"$1,444",$692,$459,"$2,190",$43,-$305,"$4,522"," $ (4,807)",242.839
2/28/2017,"$1,448",$678,$483,"$2,257",$45,-$325,"$4,585"," $ (5,898)",243.603
3/31/2017,"$1,453",$678,$437,"$2,305",$43,-$296,"$4,619"," $ (7,645)",243.801
4/30/2017,"$1,478",$970,$452,"$2,054",$43,-$311,"$4,686"," $ (5,134)",244.524
5/31/2017,"$1,487",$886,$465,"$2,073",$42,-$313,"$4,640"," $ (6,745)",244.733
6/30/2017,"$1,505",$794,$488,"$2,089",$44,-$258,"$4,661"," $ (10,881)",244.955
7/31/2017,"$1,644","$1,086",$515,"$1,864",$42,-$285,"$4,864"," $ (5,205)",244.786
8/31/2017,"$1,718",$932,$528,"$1,921",$42,-$275,"$4,866"," $ (6,165)",245.519
9/30/2017,"$1,747",$800,$538,"$1,985",$43,-$215,"$4,897"," $ (11,744)",246.819
10/31/2017,"$1,837",$688,$547,"$2,048",$43,-$229,"$4,934"," $ (6,116)",246.663
11/30/2017,"$1,897",$614,$570,"$2,089",$45,-$243,"$4,971"," $ (7,472)",246.669
12/31/2017,"$1,956",$617,$556,"$2,089",$47,-$250,"$5,014"," $ (7,396)",246.524
1/31/2018,"$2,058",$573,$552,"$2,126",$54,-$266,"$5,096"," $ (4,580)",247.867
2/28/2018,"$2,186",$837,$549,"$1,726",$49,-$246,"$5,099"," $ (9,252)",248.991
3/31/2018,"$2,241",$842,$549,"$1,678",$45,-$263,"$5,091"," $ (11,576)",249.554
4/30/2018,"$2,498",$796,$547,"$1,637",$46,-$262,"$5,261"," $ (9,277)",250.546
5/31/2018,"$2,512",$786,$549,"$1,672",$45,-$272,"$5,290"," $ (5,109)",251.588
6/30/2018,"$2,539",$676,$613,"$1,668",$42,-$271,"$5,266"," $ (7,255)",251.989
7/31/2018,"$2,503",$670,$614,"$1,699",$42,-$265,"$5,261"," $ (9,804)",252.006
8/31/2018,"$2,499",$654,$590,"$1,744",$40,-$262,"$5,264"," $ (5,076)",252.146
9/30/2018,"$2,483",$656,$601,"$1,708",$40,-$257,"$5,231"," $ (16,730)",252.439
10/31/2018,"$2,512",$592,$692,"$1,576",$41,-$249,"$5,162"," $ (10,139)",252.885
11/30/2018,"$1,997",$718,$751,"$1,667",$287,-$269,"$5,151"," $ (5,787)",252.038
12/31/2018,"$2,009",$727,$725,"$1,483",$290,-$159,"$5,073"," $ (8,836)",251.233
1/31/2019,"$2,002",$849,$774,"$1,616",$106,-$176,"$5,171"," $ (6,022)",251.712
2/28/2019,"$2,039",$748,$775,"$1,787",$69,-$177,"$5,241"," $ (7,200)",252.776
3/31/2019,"$2,040",$763,$782,"$1,813",$58,-$182,"$5,273"," $ (5,781)",254.202
4/30/2019,"$2,100",$764,$782,"$1,876",$58,-$203,"$5,377"," $ (7,151)",255.548
5/31/2019,"$2,085",$768,$762,"$1,759",$63,-$178,"$5,258"," $ (11,753)",256.092
6/30/2019,"$2,068",$805,$742,"$1,864",$67,-$199,"$5,346"," $ (6,788)",256.143
7/31/2019,"$2,049",$817,$729,"$1,857",$64,-$192,"$5,324"," $ (7,682)",256.571
8/31/2019,"$2,034",$751,$795,"$1,838",$66,-$177,"$5,307"," $ (4,484)",256.558
9/30/2019,"$2,034",$763,$786,"$1,838",$66,-$184,"$5,304"," $ (10,717)",256.759
10/31/2019,"$2,034",$782,$769,"$1,899",$67,-$197,"$5,354"," $ (8,390)",257.346
11/30/2019,"$2,061",$782,$769,"$1,942",$62,-$209,"$5,405"," $ (6,108)",257.208
12/31/2019,"$2,071",$905,$721,"$1,953",$41,-$216,"$5,474"," $ (11,708)",256.974
1/31/2020,"$2,067",$944,$815,"$1,715",$115,-$190,"$5,465"," $ (8,297)",257.971
2/29/2020,"$2,030",$664,$872,"$1,779",$121,-$152,"$5,314"," $ (6,956)",258.678
3/31/2020,"$2,078",$765,$849,"$1,501",$90,-$113,"$5,170"," $ (4,517)",258.115
4/30/2020,"$2,087","$1,135",$827,"$1,228",$123,-$124,"$5,275"," $ (5,316)",256.389
5/31/2020,"$2,059","$1,220",$793,"$1,215",$149,-$135,"$5,300"," $ (5,162)",256.394
6/30/2020,"$1,995","$1,629",$787,$857,$149,-$130,"$5,286"," $ (6,708)",257.797
7/31/2020,"$2,046","$1,616",$784,$908,$161,-$155,"$5,359"," $ (6,381)",259.101
8/31/2020,"$2,065","$1,648",$746,$961,$173,-$178,"$5,414"," $ (5,844)",259.918
9/30/2020,"$2,002","$1,637",$745,$919,$158,-$137,"$5,323"," $ (9,313)",260.28
10/31/2020,"$2,054","$1,656",$728,$900,$160,-$145,"$5,354"," $ (7,708)",260.388
11/30/2020,"$2,150",$914,$676,"$1,797",$175,-$192,"$5,519"," $ (3,822)",260.229
12/31/2020,"$2,193",$633,$649,"$2,190",$197,-$220,"$5,641"," $ (11,705)",260.474
1/31/2021,"$2,235",$558,$647,"$2,296",$230,-$314,"$5,652"," $ (4,291)",261.582
2/28/2021,"$2,238",$582,$710,"$2,307",$223,-$331,"$5,729"," $ (5,588)",263.014
3/31/2021,"$2,270",$618,$676,"$2,307",$240,-$345,"$5,766"," $ (10,131)",264.877
4/30/2021,"$2,364",$613,$676,"$2,389",$261,-$390,"$5,914"," $ (6,549)",267.054
5/31/2021,"$2,462",$657,$633,"$2,449",$230,-$421,"$6,009"," $ (7,805)",269.195
6/30/2021,"$2,744",$667,$607,"$2,448",$217,-$485,"$6,198"," $ (8,123)",271.696
7/31/2021,"$2,957",$686,$584,"$2,437",$229,-$535,"$6,357"," $ (7,782)",273.003
8/31/2021,"$2,943",$711,$556,"$2,484",$248,-$548,"$6,394"," $ (5,905)",273.567
9/30/2021,"$2,949",$722,$542,"$2,387",$236,-$523,"$6,312"," $ (10,741)",274.31
10/31/2021,"$3,041",$778,$487,"$2,503",$271,-$580,"$6,501"," $ (5,941)",276.589
11/30/2021,"$3,077",$794,$466,"$2,427",$265,-$568,"$6,461"," $ (8,646)",277.948
12/31/2021,"$3,156",$813,$460,"$2,510",$264,-$609,"$6,594"," $ (8,342)",278.802
1/31/2022,"$3,254",$750,$411,"$2,558",$238,-$602,"$6,610"," $ (7,149)",281.148
2/28/2022,"$3,372",$730,$409,"$2,490",$247,-$609,"$6,639"," $ (7,149)",283.716
3/31/2022,"$3,547",$790,$352,"$2,520",$263,-$660,"$6,811"," $ (6,423)",287.504
4/30/2022,"$3,783",$790,$348,"$2,357",$240,-$672,"$6,846"," $ (6,423)",289.109
5/31/2022,"$3,819",$832,$312,"$2,388",$228,-$687,"$6,893"," $ (2,486)",292.296
6/30/2022,"$3,692",$842,$310,"$2,191",$199,-$608,"$6,626"," $ (7,572)",296.311
7/31/2022,"$2,582","$1,676",$325,"$2,271",$231,-$497,"$6,587"," $ (4,795)",296.276
8/31/2022,"$2,362",$892,$371,"$2,914",$233,-$424,"$6,349"," $ (4,003)",296.171
9/30/2022,"$2,332",$878,$377,"$2,630",$210,-$337,"$6,089"," $ (10,522)",296.808
10/31/2022,"$2,408",$913,$351,"$2,789",$215,-$396,"$6,280"," $ (6,266)",298.012
11/30/2022,"$2,418",$877,$354,"$3,021",$217,-$456,"$6,431"," $ (6,368)",297.711
12/31/2022,"$2,406",$890,$354,"$2,891",$207,-$424,"$6,325"," $ (8,518)",296.797
1/31/2023,"$1,966",$976,$543,"$3,293",$270,-$439,"$6,609"," $ (7,161)",299.17
2/28/2023,"$2,147",$907,$537,"$3,241",$263,-$314,"$6,781"," $ (8,922)",300.84
3/31/2023,$0,"$2,912",$538,"$3,304",$277,-$250,"$6,780"," $ (7,471)",301.836
4/30/2023,$0,"$2,934",$520,"$3,350",$275,-$263,"$6,816"," $ (6,300)",303.363
5/31/2023,$0,"$2,954",$499,"$3,280",$270,-$246,"$6,757"," $ (8,538)",304.127
6/30/2023,$0,"$2,978",$497,"$3,426",$279,-$290,"$6,890"," $ (12,290)",305.109
7/31/2023,$445,"$2,554",$481,"$3,574",$280,-$328,"$7,005"," $ (9,727)",305.691
8/31/2023,$445,"$2,556",$481,"$3,467",$264,-$300,"$6,913"," $ (9,222)",307.026
9/30/2023,$554,"$2,532",$429,"$3,341",$251,-$280,"$6,826"," $ (11,060)",307.789
10/31/2023,$554,"$2,593",$379,"$3,219",$272,-$266,"$6,751"," $ (9,492)",307.671
11/30/2023,$548,"$2,594",$384,"$3,479",$295,-$340,"$6,961"," $ (9,312)",307.051
12/31/2023,$538,"$2,639",$386,"$3,654",$314,-$373,"$7,158"," $ (9,465)",306.746
1/31/2024,$538,"$2,043",$389,"$4,228",$243,-$326,"$7,115"," $ (13,353)",308.417
2/29/2024,$518,"$2,037",$385,"$4,385",$272,-$360,"$7,237"," $ (18,709)",310.326
3/31/2024,$498,"$2,035",$387,"$4,508",$290,-$389,"$7,330"," $ (8,270)",312.332
4/30/2024,$465,"$1,989",$380,"$4,386",$273,-$339,"$7,154"," $ (11,642)",313.548
5/31/2024,$465,"$2,007",$358,"$4,552",$297,-$398,"$7,282"," $ (23,657)",314.069
6/30/2024,$465,"$2,011",$357,"$4,560",$287,-$404,"$7,276"," $ (14,293)",314.175
7/31/2024,$465,"$1,995",$359,"$4,683",$292,-$417,"$7,377"," $ (11,784)",314.54
8/31/2024,$465,"$2,001",$360,"$4,747",$277,-$443,"$7,407"," $ (26,127)",314.796
9/30/2024,$465,"$2,010",$342,"$4,782",$283,-$449,"$7,434"," $ (12,335)",315.301
10/31/2024,$465,"$2,008",$340,"$4,684",$277,-$427,"$7,347"," $ (10,436)",315.664
11/30/2024,$465,"$1,667",$310,"$5,193",$367,-$479,"$7,523"," $ (14,089)",315.493
12/31/2024,$465,"$1,702",$312,"$4,945",$342,-$438,"$7,328"," $ (9,840)",315.605
1/31/2025,$458,"$1,633",$293,"$5,088",$345,-$406,"$7,412","-$11,438",317.671
2/28/2025,$458,"$1,621",$290,"$5,087",$323,-$405,"$7,374","-$17,425",319.082
3/31/2025,$458,"$1,638",$290,"$4,950",$309,-$370,"$7,276","-$10,462",319.799
4/30/2025,$458,"$1,629",$290,"$4,910",$306,-$351,"$7,242","-$10,008",320.795
5/31/2025,$458,"$1,647",$269,"$5,154",$332,-$707,"$7,153","-$12,607",321.465
6/30/2025,$458,"$1,690",$257,"$5,317",$328,-$455,"$7,596","-$10,543",322.561
7/31/2025,$478,"$1,744",$234,"$5,234",$360,-$455,"$7,596","-$9,207",323.048
8/31/2025,$498,"$1,649",$235,"$4,761","$1,115",-$483,"$7,776","-$13,368",323.976
9/30/2025,$496,"$1,394",$235,"$5,091","$1,166",-$465,"$7,918","-$13,161",324.8
10/31/2025,$526,"$1,382",$216,"$5,230","$1,159",-$732,"$7,780","-$21,832",324.8
11/30/2025,$556,"$1,232",$210,"$5,193","$1,175",-$494,"$7,873","-$11,064",324.122
12/31/2025,$626,"$1,263",$210,"$5,078","$1,202",-$501,"$7,878","-$19,747",325.252
1/31/2026,$717,"$1,451",$211,"$4,965","$1,247",-$518,"$8,073","-$18,758",325.252
2/28/2026,$742,"$1,332",$210,"$5,019","$1,372",-$540,"$8,136","-$15,914",326.785
3/31/2026,$767,"$1,441",$210,"$4,715","$1,128",-$429,"$7,831","-$18,862",330.213
4/30/2026,$867,"$1,321",$197,"$5,305","$1,153",-$579,"$8,264","-$23,295",333.02
5/31/2026,$917,"$1,250",$173,"$5,772","$1,114",-$660,"$8,566","-$8,452",335.123
6/30/2026,"$1,017","$1,156",$172,"$5,619","$1,048",-$620,"$8,391","-$22,214",333.952
7/31/2026,"$1,067","$1,130",$172,"$5,417","$1,069",-$589,"$8,267","-$8,323",333.952